NAME,STREET,CITY,STATE,ZIPCODE,WEBURL
AFRICAN AMERICAN HERITAGE TRAIL,PO BOX 1827,MOBILE,AL,36633,HTTP://MVAFRICANAMERICANHERITAGETRAIL.ORG/
STATE BLACK ARCHIVES RESEARCH CENTER & MUSEUM,4900 MERIDIAN STREET NORTH,NORMAL,AL,35762,HTTP://WWW.AAMU.EDU/ADMINISTRATIVEOFFICES/LIBRARY/PAGES/STATE-BLACK-ARCHIVES-AND-RESEARCH-MUSEUM.ASPX
AFRICAN AMERICAN MULTICULTURAL MUSEUM,11259 E VIA LINDA SUITE 100-159,SCOTTSDALE,AZ,85259,HTTP://WWW.AAMMUSEUM.ORG
AFRICAN AMERICAN ART AND CULTURE,762 FULTON ST,SAN FRANCISCO,CA,94102,HTTP://WWW.AAACC.ORG/INDEX.HTML
AFRICAN AMERICAN FIREFIGHTER MUSEUM,1401 S CENTRAL AVE,LOS ANGELES,CA,90021,HTTP://WWW.AAFFMUSEUM.ORG
MUSEUM OF SAN DIEGO AFRICAN AMERICAN HISTORY,467 HORTON PLZ,SAN DIEGO,CA,92101,HTTP://WWW.AFRICANMUSEUMSANDIEGO.COM
CALIFORNIA AFRICAN AMERICAN MUSEUM,600 STATE DRIVE EXPOSIT,LOS ANGELES,CA,90037,HTTP://WWW.CAAMUSEUM.ORG/
MUSEUM OF AFRICAN AMERICAN ART,PO BOX 8418,LOS ANGELES,CA,90008,HTTP://WWW.MAAALA.ORG/
MUSEUM OF THE AFRICAN DIASPORA,685 MISSION ST,SAN FRANCISCO,CA,94105,HTTP://WWW.MOADSF.ORG
MUSEUM OF AFRICAN DIASPORA,90 NEW MONTGOMERY ST,SAN FRANCISCO,CA,94105,HTTP://WWW.MOADSF.ORG
ORAN Z'S PAN AFRICAN BLACK FACTS AND WAX MUSEUM,3742 W MARTIN LUTHER KING JR BLVD,LOS ANGELES,CA,90008,HTTP://WWW.ORANSBLACKMUSEUM.COM
STILES AFRICAN AMERICAN HERITAGE CENTER,2607 GLENARM PL,DENVER,CO,80205,HTTP://WWW.STILESHERITAGECENTER.ORG/
AFRICAN AMERICAN MUSEUM OF THE ARTS,PO BOX 1319,DELAND,FL,32721,HTTP://AFRICANMUSEUMDELAND.ORG/
SOUTHEASTERN REGIONAL BLACK ARCHIVES RESEARCH CENTER AND MUSEUM,445 GAMBLE ST,TALLAHASSEE,FL,32307,HTTP://WWW.FAMU.EDU/INDEX.CFM?BLACKARCHIVES
DR CARTER G WOODSON AFRICAN AMERICAN MUSEUM,2240 9TH AVE S,ST PETERSBURG,FL,33712,HTTP://WWW.WOODSONMUSEUM.ORG
LUCY CRAFT LANEY MUSEUM OF BLACK HISTORY,1116 PHILLIPS ST,AUGUSTA,GA,30901,HTTP://WWW.LUCYCRAFTLANEYMUSEUM.COM
TUBMAN AFRICAN AMERICAN MUSEUM,340 WALNUT ST,MACON,GA,31201,HTTP://WWW.TUBMANMUSEUM.COM
JIM-REE AFRICAN AMERICAN MUSEUM,PO BOX 6281,ELBERTON,GA,30635,HTTPS://JIMREE.ORG/
AFRICAN AMERICAN DIVERSITY CULTURAL CENTER HAWAII,1311 KAPIOLANI BLVD STE,HONOLULU,HI,96814,HTTP://WWW.AADCCH.ORG
AFRICAN AMERICAN HERITAGE FOUNDATION,PO BOX 2756,CEDAR RAPIDS,IA,52406,HTTP://WWW.BLACKIOWA.ORG
NATIONAL MUSEUM OF AFRICAN AMERICAN HISTORY AND CULTURE,PO BOX 1434,WATERLOO,IA,50704,HTTP://WWW.BLACKIOWA.ORG/
AFRICAN-AMERICAN HALL OF FAME MUSEUM,309 S DUSABLE ST,PEORIA,IL,61605,HTTP://AAHFMPEORIA.ORG
DUSABLE MUSEUM OF AFRICAN AMERICAN HISTORY,740 E 56TH PL,CHICAGO,IL,60637,HTTP://WWW.DUSABLEMUSEUM.ORG
AFRICAN-AMERICAN HERITAGE MUSEUM AND BLACK VETERAN'S ARCHIVES,1600 PHOENIX SQUARE,AURORA,IL,60505,HTTP://WWW.TAAHM.ORG/
KANSAS AFRICAN AMERICAN MUSEUM,601 N WATER ST,WICHITA,KS,67203,HTTP://TKAAMUSEUM.ORG
NEW ORLEANS AFRICAN AMERICAN MUSEUM OF ART CULTURE AND HISTORY (NOAAM),1418 GOVERNOR NICHOLS ST,NEW ORLEANS,LA,70116,HTTP://NOAAM.ORG/
RIVER ROAD AFRICAN AMERICAN MUSEUM AND GALLERY,406 CHARLES ST,DONALDSONVLLE,LA,70346,HTTP://WWW.AFRICANAMERICANMUSEUM.ORG
ODELL S WILLIAMS NOW AND THEN AFRICAN AMERICAN,538 SOUTH BLVD,BATON ROUGE,LA,70802,HTTP://WWW.ATCHAFALAYA.ORG/404.HTML
TANGIPAHOA AFRICAN AMERICAN HERITAGE MUSEUM,1600 PHOENIX SQUARE,HAMMOND,LA,70403,HTTP://WWW.TAAHM.ORG
MUSEUM OF AFRICAN AMERICAN HISTORY AND CULTURE,13775 SOMERSET AVENUE,PRINCESS ANNE,MD,21853,HTTP://NMAAHC.SI.EDU/
BALTIMORE'S BLACK AMERICAN MUSEUM,1767 CARSWELL ST,BALTIMORE,MD,21218,HTTP://WWW.BBAM.BRAVEHOST.COM
GREAT BLACKS IN WAX MUSEUM,1601 E NORTH AVE,BALTIMORE,MD,21213,HTTP://WWW.GREATBLACKSINWAX.ORG
HOWARD COUNTY CENTER OF AFRICAN AMERICAN CULTURE,5434 VANTAGE POINT RD,COLUMBIA,MD,21044,HTTP://WWW.HCCAAC.ORG
PRINCE GEORGES AFRICAN AMERICAN MUSEUM,10201 MARTIN LUTHER KING JR HWY,BOWIE,MD,20720,HTTP://WWW.PGAAMCC.ORG/
AFRICAN AMERICAN SCHOOLHOUSE MUSEUM & HERITAGE COUNCIL,23620 NEWTON RD,WORTON,MD,21678,HTTPS://AFRICANAMERICANHERITAGECOUNCIL.SHUTTERFLY.COM/
AFRICAN AMERICAN COLLECTION OF MAINE,51 WESTMINSTER STREET,LEWISTON,ME,4240,HTTP://USM.MAINE.EDU/FRANCO
AFRICAN BEAD MUSEUM,6559 GRAND RIVER AVE,DETROIT,MI,48208,HTTP://MBAD.ORG
MUSEUM OF AFRICAN AMERICAN HISTORY,315 E WARREN AVE,DETROIT,MI,48201,HTTP://THEWRIGHT.ORG
MUSKEGON COUNTY MUSEUM OF AFRICAN AMERICAN HISTORY,2416 PECK ST,MUSKEGON HEIGHTS,MI,49444,HTTP://WWW.MUSEUMSUSA.ORG/MUSEUMS/INFO/16640
AFRICAN AMERICAN HISTORICAL & CIVIL RIGHTS MUSEUM,PO BOX 11302,MINNEAPOLIS,MN,55411,HTTP://WWW.MAAMCC.ORG/ABOUT-US/INDEX.PHP
MINNESOTA AFRICAN AMERICAN MUSEUM,1700 3RD AVE S,MINNEAPOLIS,MN,55404,HTTP://WWW.MAAMCC.ORG/INDEX.PHP
BLACK ARCHIVES OF MID-AMERICA,2033 VINE ST,KANSAS CITY,MO,64127,HTTP://BLACKARCHIVES.ORG/
*MUSEUM OF BLACK INVENTORS,5 SOUTH NEWSTEAD AVE,ST LOUIS,MO,63108,HTTP://BLACKINVENTOR.COM
OZARKS AFRICAN AMERICAN HERITAGE MUSEUM,PO BOX 265,ASH GROVE,MO,65604,HTTP://OAAHM.OMEKA.NET/
MUSEUM OF AFRICAN AMERICAN CULTURE,PO BOX 821956,VICKSBURG,MS,39182,HTTP://JACQUELINEHOUSE.WEEBLY.COM/INDEX.HTML
OAKES AFRICAN AMERICAN CULTURE CENTER,312 S MONROE ST,YAZOO CITY,MS,39194,HTTP://VISITYAZOO.ORG/OAKES-AFRICAN-AMERICAN-CULTURAL-CENTER/
AFRICAN AMERICAN MILITARY HISTORY MUSEUM,305 E 6TH ST,HATTIESBURG,MS,39401,HTTP://WWW.HATTIESBURGUSO.COM
REVEREND GEORGE LEE MUSEUMS OF AFRICAN AMERICAN HISTORY,17150 HIGHWAY 49,BELZONI,MS,39038,HTTP://WWW.THEFANNIELOUHAMERCIVILRIGHTSMUSEUM.COM/REV-GEORGE-W-LEE-MUSEUMS-OF-AFRICAN-AMERICAN-HISTORY-AND-HERITAGE.HTML
OAKES AFRICAN AMERICAN CULTURAL CENTER,312 S MONROE ST,YAZOO CITY,MS,39194,HTTP://WWW.VISITYAZOO.ORG/OAKES-AFRICAN-AMERICAN-CULTURAL-CENTER/
AFRICAN AMERICAN ATELIER,200 N DAVIE ST,GREENSBORO,NC,27401,HTTP://AFRICANAMERICANATELIER.ORG/
GREAT PLAINS BLACK MUSEUM AND INTERPRETIVE CENTER,1015 N 98TH STREET,OMAHA,NE,68114,HTTP://GPBLACKMUSEUM.ORG/
SEACOAST AFRICAN AMERICAN,PO BOX 4444,PORTSMOUTH,NH,3802,HTTP://SAACC-NH.ORG/
AFRICAN AMERICAN HERITAGE,661 JACKSON RD,HAMMONTON,NJ,8037,HTTP://WWW.AAHMSNJ.ORG/
AFRICAN AMERICAN HERITAGE MUSEUM OF SOUTHERN NEW JERSEY,702 N MICHIGAN AVE,ATLANTIC CITY,NJ,8401,HTTP://WWW.AAHMSNJ.ORG/
MUSEUM OF CONTEMPORARY AFRICAN DIASPORIAN ARTS,80 HANSON PLACE,BROOKLYN,NY,11217,HTTP://MOCADA.ORG/
SCHOMBURG CENTER FOR RESEARCH IN BLACK CULTURE,515 LENOX AVENUE,NEW YORK,NY,10037,HTTP://WWW.NYPL.ORG/LOCATIONS/SCHOMBURG
AFRICAN AMERICAN MUSEUM,1765 CRAWFORD ROAD,CLEVELAND,OH,44106,HTTP://WW4.AAMCLEVELAND.ORG/
REFLECTIONS IN BLACK MUSEUM,1314 DEEPWOOD DR,MACEDONIA,OH,44056,HTTP://WWW.REFLECTIONSINBLACKMUSEUM.COM
OKLAHOMA BLACK MUSEUM,4701 N LINCOLN BLVD,OKLAHOMA CITY,OK,73105,HTTP://WWW.OBMAPAC.ORG/
AFRICAN AMERICAN MUSEUM IN PHILADELPHIA,701 ARCH STREET,PHILADELPHIA,PA,19106,HTTP://WWW.AAMPMUSEUM.ORG
AVERY RESEARCH CENTER FOR AFRICAN AMERICAN HISTORY AND CULTURE,125 BULL STREET,CHARLESTON,SC,29424,HTTP://AVERY.COFC.EDU
CLEMSON AREA AFRICAN AMERICAN MUSEUM,PO BOX 145,CLEMSON,SC,29633,HTTP://CA-AAM.ORG/
INTERNATIONAL AFRICAN AMERICAN MUSEUM,284 KING ST # A,CHARLESTON,SC,29424,HTTP://WWW.IAAMUSEUM.ORG
SOUTH DAKOTA AFRICAN AMERICAN HISTORY MUSEUM,PO BOX 2266,SIOUX FALLS,SD,57101,HTTP://VISITSIOUXFALLS.COM/THINGS-TO-DO/ATTRACTIONS-AND-ENTERTAINMENT/DIRECTORY/AFRICAN-AMERICAN-HISTORY-MUSEUM/
BUFFALO SOLDIERS NATIONAL MUSEUM,3816 CAROLINE ST,HOUSTON,TX,77004,HTTP://BUFFALOSOLDIERMUSEUM.COM/
CALABOOSE AFRICAN AMERICAN MUSEUM,200 W MARTIN LUTHER KING DR,SAN MARCOS,TX,78666,HTTP://SANMARCOSARTS.COM
HOUSTON MUSEUM OF AFRICAN AMERICAN CULTURE,4807 CAROLINE ST,HOUSTON,TX,77004,HTTP://WWW.HMAAC.ORG
BLACK HISTORY MUSEUM AND CULTURAL CENTER,PO BOX 61052,RICHMOND,VA,23261,HTTP://BLACKHISTORYMUSEUM.ORG/
ALEXANDRIA BLACK HISTORY MUSEUM,902 WYTHE ST,ALEXANDRIA,VA,22314,HTTP://WWW.ALEXANDRIAVA.GOV/BLACKHISTORY
HARRISON MUSEUM OF AFRICAN AMERICAN CULTURE,523 HARRISON AVE,ROANOKE,VA,24026,HTTP://WWW.HARRISONMUSEUM.ORG
NORTHWEST AFRICAN AMERICAN MUSEUM,2300 S MASSACHUSSETTS ST,SEATTLE,WA,98144,HTTP://WWW.NAAMNW.ORG